<?xml version="1.0" encoding="UTF-8"?>
<preferences>
 <debug showDebugMenu="0" />
 <systemtable filter="All Interfaces">
  <columns>
   <connections preferredWidth="223" />
   <irq preferredWidth="63" />
  </columns>
 </systemtable>
 <library
   expandedCategories="Library/Processors and Peripherals/Peripherals,Library/Processors and Peripherals,Library/Basic Functions,Library/University Program/Generic IO,Library/Basic Functions/Configuration and Programming,Library,Library/University Program,Library/Basic Functions/On Chip Memory,Project" />
 <window width="1920" height="1040" x="0" y="0" />
 <hdlexample language="VERILOG" />
 <generation path="C:/Users/Semi/Desktop/projet1hardware/" synthesis="VHDL" />
</preferences>
