<?xml version="1.0" encoding="UTF-8"?>
<preferences>
 <debug showDebugMenu="0" />
 <systemtable filter="All Interfaces">
  <columns>
   <connections preferredWidth="47" />
   <irq preferredWidth="34" />
  </columns>
 </systemtable>
 <library
   expandedCategories="Library/Processors and Peripherals/Peripherals,Library/University Program/Generic IO,Library/University Program,Library/Basic Functions,Library,Library/Basic Functions/Configuration and Programming,Library/Processors and Peripherals,Project,Library/Basic Functions/On Chip Memory" />
 <window width="1100" height="800" x="0" y="0" />
</preferences>
