{
	"partitions" : [
		{
			"name" : "Top",
			"pins" : [
				{
					"name" : "sLEDR_X[0]",
					"strict" : false
				},
				{
					"name" : "sLEDR_X[1]",
					"strict" : false
				},
				{
					"name" : "sLEDR_X[2]",
					"strict" : false
				},
				{
					"name" : "sLEDR_X[3]",
					"strict" : false
				},
				{
					"name" : "sLEDR_X[4]",
					"strict" : false
				},
				{
					"name" : "sLEDR_X[5]",
					"strict" : false
				},
				{
					"name" : "sLEDR_X[6]",
					"strict" : false
				},
				{
					"name" : "sLEDR_X[7]",
					"strict" : false
				},
				{
					"name" : "sLEDR_Y[0]",
					"strict" : false
				},
				{
					"name" : "sLEDR_Y[1]",
					"strict" : false
				},
				{
					"name" : "sLEDR_Y[2]",
					"strict" : false
				},
				{
					"name" : "sLEDR_Y[3]",
					"strict" : false
				},
				{
					"name" : "sLEDR_Y[4]",
					"strict" : false
				},
				{
					"name" : "sLEDR_Y[5]",
					"strict" : false
				},
				{
					"name" : "sLEDR_Y[6]",
					"strict" : false
				},
				{
					"name" : "sLEDR_Y[7]",
					"strict" : false
				},
				{
					"name" : "sLEDR_Z[0]",
					"strict" : false
				},
				{
					"name" : "sLEDR_Z[1]",
					"strict" : false
				},
				{
					"name" : "sLEDR_Z[2]",
					"strict" : false
				},
				{
					"name" : "sLEDR_Z[3]",
					"strict" : false
				},
				{
					"name" : "sLEDR_Z[4]",
					"strict" : false
				},
				{
					"name" : "sLEDR_Z[5]",
					"strict" : false
				},
				{
					"name" : "sLEDR_Z[6]",
					"strict" : false
				},
				{
					"name" : "sLEDR_Z[7]",
					"strict" : false
				},
				{
					"name" : "ena",
					"strict" : false
				},
				{
					"name" : "rw",
					"strict" : false
				},
				{
					"name" : "data_wr[0]",
					"strict" : false
				},
				{
					"name" : "data_wr[1]",
					"strict" : false
				},
				{
					"name" : "data_wr[2]",
					"strict" : false
				},
				{
					"name" : "data_wr[3]",
					"strict" : false
				},
				{
					"name" : "data_wr[5]",
					"strict" : false
				},
				{
					"name" : "data_wr[6]",
					"strict" : false
				},
				{
					"name" : "data_rd[0]",
					"strict" : false
				},
				{
					"name" : "clk",
					"strict" : false
				},
				{
					"name" : "reset_n",
					"strict" : false
				},
				{
					"name" : "I_ackmon",
					"strict" : false
				},
				{
					"name" : "data_rd[1]",
					"strict" : false
				},
				{
					"name" : "data_rd[2]",
					"strict" : false
				},
				{
					"name" : "data_rd[3]",
					"strict" : false
				},
				{
					"name" : "data_rd[4]",
					"strict" : false
				},
				{
					"name" : "data_rd[5]",
					"strict" : false
				},
				{
					"name" : "data_rd[6]",
					"strict" : false
				},
				{
					"name" : "data_rd[7]",
					"strict" : false
				},
				{
					"name" : "busy",
					"strict" : false
				},
				{
					"name" : "I_ack2on",
					"strict" : false
				},
				{
					"name" : "I_ack1on",
					"strict" : false
				}
			]
		}
	]
}