{
	"partitions" : [
		{
			"name" : "Top",
			"pins" : [
				{
					"name" : "busy",
					"strict" : false
				},
				{
					"name" : "data_rd[0]",
					"strict" : false
				},
				{
					"name" : "data_rd[1]",
					"strict" : false
				},
				{
					"name" : "data_rd[2]",
					"strict" : false
				},
				{
					"name" : "data_rd[3]",
					"strict" : false
				},
				{
					"name" : "data_rd[4]",
					"strict" : false
				},
				{
					"name" : "data_rd[5]",
					"strict" : false
				},
				{
					"name" : "data_rd[6]",
					"strict" : false
				},
				{
					"name" : "data_rd[7]",
					"strict" : false
				},
				{
					"name" : "ack_error",
					"strict" : false
				},
				{
					"name" : "O_rdon",
					"strict" : false
				},
				{
					"name" : "O_ack1on",
					"strict" : false
				},
				{
					"name" : "O_ack2on",
					"strict" : false
				},
				{
					"name" : "O_ackmon",
					"strict" : false
				},
				{
					"name" : "sda",
					"strict" : false
				},
				{
					"name" : "scl",
					"strict" : false
				},
				{
					"name" : "ena",
					"strict" : false
				},
				{
					"name" : "clk",
					"strict" : false
				},
				{
					"name" : "reset_n",
					"strict" : false
				},
				{
					"name" : "addr[5]",
					"strict" : false
				},
				{
					"name" : "addr[6]",
					"strict" : false
				},
				{
					"name" : "rw",
					"strict" : false
				},
				{
					"name" : "addr[0]",
					"strict" : false
				},
				{
					"name" : "addr[1]",
					"strict" : false
				},
				{
					"name" : "addr[2]",
					"strict" : false
				},
				{
					"name" : "addr[3]",
					"strict" : false
				},
				{
					"name" : "addr[4]",
					"strict" : false
				},
				{
					"name" : "data_wr[5]",
					"strict" : false
				},
				{
					"name" : "data_wr[7]",
					"strict" : false
				},
				{
					"name" : "data_wr[4]",
					"strict" : false
				},
				{
					"name" : "data_wr[6]",
					"strict" : false
				},
				{
					"name" : "data_wr[2]",
					"strict" : false
				},
				{
					"name" : "data_wr[0]",
					"strict" : false
				},
				{
					"name" : "data_wr[3]",
					"strict" : false
				},
				{
					"name" : "data_wr[1]",
					"strict" : false
				}
			]
		}
	]
}